seed,AUC
42,0.9461706044084066
123,0.8420359755813412
